{
  "type": "audio/webm;codecs=\"vorbis\"",
  "duration": 17688.000000,
  "init": { "offset": 0, "size": 4897},
  "media": [
    { "offset": 4897, "size": 75280, "timecode": 0.000000 },
    { "offset": 80177, "size": 77513, "timecode": 4.988000 },
    { "offset": 157690, "size": 81819, "timecode": 9.972000 },
    { "offset": 239509, "size": 38500, "timecode": 14.966000 }
  ]
}
